,Cyclone_Inlet_Gas_Temp,Cyclone_Inlet_Gas_Temp,Cyclone_Inlet_Gas_Temp,Cyclone_Inlet_Gas_Temp,Cyclone_Inlet_Gas_Temp,Cyclone_Gas_Outlet_Temp,Cyclone_Gas_Outlet_Temp,Cyclone_Gas_Outlet_Temp,Cyclone_Gas_Outlet_Temp,Cyclone_Gas_Outlet_Temp,Cyclone_Outlet_Gas_draft,Cyclone_Outlet_Gas_draft,Cyclone_Outlet_Gas_draft,Cyclone_Outlet_Gas_draft,Cyclone_Outlet_Gas_draft,Cyclone_cone_draft,Cyclone_cone_draft,Cyclone_cone_draft,Cyclone_cone_draft,Cyclone_cone_draft,Cyclone_Inlet_Draft,Cyclone_Inlet_Draft,Cyclone_Inlet_Draft,Cyclone_Inlet_Draft,Cyclone_Inlet_Draft,Cyclone_Material_Temp,Cyclone_Material_Temp,Cyclone_Material_Temp,Cyclone_Material_Temp,Cyclone_Material_Temp
,mean,std,median,min,max,mean,std,median,min,max,mean,std,median,min,max,mean,std,median,min,max,mean,std,median,min,max,mean,std,median,min,max
cluster,,,,,,,,,,,,,,,,,,,,,,,,,,,,,,
0,892.5280149752452,25.92566673892359,889.94,99.99,1102.99,878.8205639128981,47.916368697269746,884.38,213.27,1375.0,-228.18188128530485,35.0750117852044,-230.28,-366.46,18.58,-209.81099496939228,34.38787821728643,-211.23,-348.0,3.88,-180.77325104698215,26.805419027219752,-179.3,-302.7,22.1,923.2900871829206,68.72348621721633,925.92,-185.0,1375.0
1,260.9292634154829,223.8011970767708,201.28,24.24,815.67,255.92012968981834,220.76318780871486,198.43,24.06,826.9133333333333,1.7548732628057477,14.648698863337222,5.09,-129.29,40.27,-6.421965254129185,13.125849926445678,-2.15,-144.79,66.39,0.3049553605829282,13.131566585837597,-0.46,-98.7,40.68,260.5778316601741,292.27399398047345,94.98,-185.0,1374.98
2,871.5391988078206,104.35336071415217,882.68,0.0,1157.63,838.6882739559916,101.31876305380108,854.07,30.52,1375.0,-131.41544302064173,90.48672376547364,-131.59,-456.66,39.17,-130.50130897881326,81.23544669739839,-133.15,-459.31,488.86,-105.19529286736153,73.62739911192672,-106.34,-396.37,41.64,888.8607504462157,138.85051867434942,907.93,-185.0,1375.0
